{
  "task": "link_prediction",
  "dataset": "LocalSBM",
  "hidden": 64,
  "epochs": 150,
  "fair_lambda": 10.0,
  "sensitive": "eigen",
  "sbm_ratio": 0.7,
  "p_in": 0.08,
  "p_out": 0.005,
  "test_metrics": {
    "auc": 0.718259066066004,
    "ap": 0.31527035642937773,
    "dp_gap": 0.0
  },
  "val_logs": [
    {
      "epoch": 10,
      "loss": 18.89415740966797,
      "penalty": 0.0688742995262146,
      "val_auc": 0.7188489357826593,
      "val_ap": 0.31212526586304407,
      "val_dp": 0.08034169673919678
    },
    {
      "epoch": 20,
      "loss": 10.194939613342285,
      "penalty": 0.004139065742492676,
      "val_auc": 0.7228213087669078,
      "val_ap": 0.31697624641706995,
      "val_dp": 0.0
    },
    {
      "epoch": 30,
      "loss": 4.37796688079834,
      "penalty": 0.004607796669006348,
      "val_auc": 0.7079746186282068,
      "val_ap": 0.3131489810864312,
      "val_dp": 0.0
    },
    {
      "epoch": 40,
      "loss": 3.3807170391082764,
      "penalty": 0.003285348415374756,
      "val_auc": 0.6956811784833434,
      "val_ap": 0.3099871699295864,
      "val_dp": 0.0
    },
    {
      "epoch": 50,
      "loss": 3.5516228675842285,
      "penalty": 0.0040302276611328125,
      "val_auc": 0.7179197983866838,
      "val_ap": 0.31789405870035264,
      "val_dp": 0.0
    },
    {
      "epoch": 60,
      "loss": 2.336463212966919,
      "penalty": 1.6391277313232422e-05,
      "val_auc": 0.7209505472107889,
      "val_ap": 0.3196778288208357,
      "val_dp": 0.0
    },
    {
      "epoch": 70,
      "loss": 3.43630051612854,
      "penalty": 0.006000220775604248,
      "val_auc": 0.7200859776681588,
      "val_ap": 0.31771605523455515,
      "val_dp": 0.0
    },
    {
      "epoch": 80,
      "loss": 4.706716537475586,
      "penalty": 0.013198494911193848,
      "val_auc": 0.7243364407928915,
      "val_ap": 0.3227328273082401,
      "val_dp": 0.0
    },
    {
      "epoch": 90,
      "loss": 4.983484745025635,
      "penalty": 0.002111971378326416,
      "val_auc": 0.719930484848597,
      "val_ap": 0.3212744916166587,
      "val_dp": 0.0
    },
    {
      "epoch": 100,
      "loss": 3.7419731616973877,
      "penalty": 0.006557822227478027,
      "val_auc": 0.7212423075805168,
      "val_ap": 0.32306168621194215,
      "val_dp": 0.0
    },
    {
      "epoch": 110,
      "loss": 4.2237091064453125,
      "penalty": 0.007202625274658203,
      "val_auc": 0.7178279573563928,
      "val_ap": 0.31824928136336456,
      "val_dp": 0.0
    },
    {
      "epoch": 120,
      "loss": 4.219995498657227,
      "penalty": 0.0055654048919677734,
      "val_auc": 0.7206072371035499,
      "val_ap": 0.32059698904629946,
      "val_dp": 0.0
    },
    {
      "epoch": 130,
      "loss": 3.2695212364196777,
      "penalty": 0.00743710994720459,
      "val_auc": 0.7216172072344096,
      "val_ap": 0.31972684291681436,
      "val_dp": 0.0010283589363098145
    },
    {
      "epoch": 140,
      "loss": 1.97416090965271,
      "penalty": 0.002272188663482666,
      "val_auc": 0.7218652570288786,
      "val_ap": 0.3217258433165959,
      "val_dp": 0.03831881284713745
    },
    {
      "epoch": 150,
      "loss": 7.087015628814697,
      "penalty": 0.02368825674057007,
      "val_auc": 0.7198120693342985,
      "val_ap": 0.3195570431074045,
      "val_dp": 0.0
    }
  ]
}