{
  "task": "node_classification",
  "dataset": "LocalSBM",
  "hidden": 64,
  "epochs": 150,
  "fair_lambda": 0.5,
  "sensitive": "eigen",
  "sbm_ratio": 0.7,
  "p_in": 0.08,
  "p_out": 0.005,
  "test_metrics": {
    "accuracy": 1.0,
    "dp_gap": 0.6133333444595337,
    "eo_gap": 1.0
  },
  "val_logs": [
    {
      "epoch": 10,
      "ce": 1.6809724911581725e-05,
      "dp_pen": 0.6016485691070557,
      "val_acc": 1.0,
      "val_dp": 0.5864197611808777,
      "val_eo": 1.0
    },
    {
      "epoch": 20,
      "ce": 2.5841055162345583e-07,
      "dp_pen": 0.6016430258750916,
      "val_acc": 1.0,
      "val_dp": 0.5864197611808777,
      "val_eo": 1.0
    },
    {
      "epoch": 30,
      "ce": 8.083873836994826e-08,
      "dp_pen": 0.6016427874565125,
      "val_acc": 1.0,
      "val_dp": 0.5864197611808777,
      "val_eo": 1.0
    },
    {
      "epoch": 40,
      "ce": 4.830453192994355e-08,
      "dp_pen": 0.6016427278518677,
      "val_acc": 1.0,
      "val_dp": 0.5864197611808777,
      "val_eo": 1.0
    },
    {
      "epoch": 50,
      "ce": 5.4885859412934224e-08,
      "dp_pen": 0.6016428470611572,
      "val_acc": 1.0,
      "val_dp": 0.5864197611808777,
      "val_eo": 1.0
    },
    {
      "epoch": 60,
      "ce": 8.319805289147553e-08,
      "dp_pen": 0.6016427874565125,
      "val_acc": 1.0,
      "val_dp": 0.5864197611808777,
      "val_eo": 1.0
    },
    {
      "epoch": 70,
      "ce": 8.282550112426179e-08,
      "dp_pen": 0.6016427874565125,
      "val_acc": 1.0,
      "val_dp": 0.5864197611808777,
      "val_eo": 1.0
    },
    {
      "epoch": 80,
      "ce": 1.4466505149357545e-07,
      "dp_pen": 0.6016428470611572,
      "val_acc": 1.0,
      "val_dp": 0.5864197611808777,
      "val_eo": 1.0
    },
    {
      "epoch": 90,
      "ce": 1.8713323868269072e-07,
      "dp_pen": 0.6016428470611572,
      "val_acc": 1.0,
      "val_dp": 0.5864197611808777,
      "val_eo": 1.0
    },
    {
      "epoch": 100,
      "ce": 2.559268352797517e-07,
      "dp_pen": 0.601642906665802,
      "val_acc": 1.0,
      "val_dp": 0.5864197611808777,
      "val_eo": 1.0
    },
    {
      "epoch": 110,
      "ce": 4.575875323098444e-07,
      "dp_pen": 0.6016431450843811,
      "val_acc": 1.0,
      "val_dp": 0.5864197611808777,
      "val_eo": 1.0
    },
    {
      "epoch": 120,
      "ce": 5.607792559203517e-07,
      "dp_pen": 0.6016430258750916,
      "val_acc": 1.0,
      "val_dp": 0.5864197611808777,
      "val_eo": 1.0
    },
    {
      "epoch": 130,
      "ce": 7.975817197802826e-07,
      "dp_pen": 0.6016432642936707,
      "val_acc": 1.0,
      "val_dp": 0.5864197611808777,
      "val_eo": 1.0
    },
    {
      "epoch": 140,
      "ce": 1.558004896651255e-06,
      "dp_pen": 0.6016438603401184,
      "val_acc": 1.0,
      "val_dp": 0.5864197611808777,
      "val_eo": 1.0
    },
    {
      "epoch": 150,
      "ce": 1.8330734974369989e-06,
      "dp_pen": 0.601643979549408,
      "val_acc": 1.0,
      "val_dp": 0.5864197611808777,
      "val_eo": 1.0
    }
  ]
}