{
  "task": "node_classification",
  "dataset": "LocalSBM",
  "hidden": 64,
  "epochs": 150,
  "fair_lambda": 2.0,
  "sensitive": "eigen",
  "sbm_ratio": 0.7,
  "p_in": 0.08,
  "p_out": 0.005,
  "test_metrics": {
    "accuracy": 0.7125,
    "dp_gap": 0.0,
    "eo_gap": 0.0
  },
  "val_logs": [
    {
      "epoch": 10,
      "ce": 0.07519926875829697,
      "dp_pen": 0.5517104268074036,
      "val_acc": 1.0,
      "val_dp": 0.5864197611808777,
      "val_eo": 1.0
    },
    {
      "epoch": 20,
      "ce": 0.6276044249534607,
      "dp_pen": 0.1738564372062683,
      "val_acc": 0.296875,
      "val_dp": 0.0,
      "val_eo": 1.0
    },
    {
      "epoch": 30,
      "ce": 0.4748800992965698,
      "dp_pen": 0.12441293895244598,
      "val_acc": 0.703125,
      "val_dp": 0.0,
      "val_eo": 0.0
    },
    {
      "epoch": 40,
      "ce": 0.30204132199287415,
      "dp_pen": 0.22896425426006317,
      "val_acc": 0.703125,
      "val_dp": 0.0,
      "val_eo": 0.0
    },
    {
      "epoch": 50,
      "ce": 0.4451652765274048,
      "dp_pen": 0.14164815843105316,
      "val_acc": 0.703125,
      "val_dp": 0.0,
      "val_eo": 0.0
    },
    {
      "epoch": 60,
      "ce": 0.4503897428512573,
      "dp_pen": 0.1381673365831375,
      "val_acc": 0.703125,
      "val_dp": 0.0,
      "val_eo": 0.0
    },
    {
      "epoch": 70,
      "ce": 0.43403658270835876,
      "dp_pen": 0.14469164609909058,
      "val_acc": 0.703125,
      "val_dp": 0.0,
      "val_eo": 0.0
    },
    {
      "epoch": 80,
      "ce": 0.48722389340400696,
      "dp_pen": 0.11233821511268616,
      "val_acc": 0.703125,
      "val_dp": 0.0,
      "val_eo": 0.0
    },
    {
      "epoch": 90,
      "ce": 0.5381765365600586,
      "dp_pen": 0.06533312797546387,
      "val_acc": 0.703125,
      "val_dp": 0.0,
      "val_eo": 0.0
    },
    {
      "epoch": 100,
      "ce": 0.5449193716049194,
      "dp_pen": 0.05907967686653137,
      "val_acc": 0.703125,
      "val_dp": 0.0,
      "val_eo": 0.0
    },
    {
      "epoch": 110,
      "ce": 0.5517311096191406,
      "dp_pen": 0.047728270292282104,
      "val_acc": 0.703125,
      "val_dp": 0.0,
      "val_eo": 0.0
    },
    {
      "epoch": 120,
      "ce": 0.5907164216041565,
      "dp_pen": 0.022395461797714233,
      "val_acc": 0.703125,
      "val_dp": 0.0,
      "val_eo": 0.0
    },
    {
      "epoch": 130,
      "ce": 0.5416275262832642,
      "dp_pen": 0.05343326926231384,
      "val_acc": 0.703125,
      "val_dp": 0.0,
      "val_eo": 0.0
    },
    {
      "epoch": 140,
      "ce": 0.593526303768158,
      "dp_pen": 0.017495334148406982,
      "val_acc": 0.703125,
      "val_dp": 0.0,
      "val_eo": 0.0
    },
    {
      "epoch": 150,
      "ce": 0.5847333073616028,
      "dp_pen": 0.023439913988113403,
      "val_acc": 0.703125,
      "val_dp": 0.0,
      "val_eo": 0.0
    }
  ]
}