{
  "task": "node_classification",
  "dataset": "LocalSBM",
  "hidden": 64,
  "epochs": 150,
  "fair_lambda": 1.0,
  "sensitive": "eigen",
  "sbm_ratio": 0.7,
  "p_in": 0.08,
  "p_out": 0.005,
  "test_metrics": {
    "accuracy": 1.0,
    "dp_gap": 0.6133333444595337,
    "eo_gap": 1.0
  },
  "val_logs": [
    {
      "epoch": 10,
      "ce": 5.130219869897701e-05,
      "dp_pen": 0.6016551852226257,
      "val_acc": 1.0,
      "val_dp": 0.5864197611808777,
      "val_eo": 1.0
    },
    {
      "epoch": 20,
      "ce": 1.5566614592898986e-06,
      "dp_pen": 0.6016438007354736,
      "val_acc": 1.0,
      "val_dp": 0.5864197611808777,
      "val_eo": 1.0
    },
    {
      "epoch": 30,
      "ce": 6.176499596222129e-07,
      "dp_pen": 0.6016432046890259,
      "val_acc": 1.0,
      "val_dp": 0.5864197611808777,
      "val_eo": 1.0
    },
    {
      "epoch": 40,
      "ce": 4.0779229948384454e-07,
      "dp_pen": 0.6016430854797363,
      "val_acc": 1.0,
      "val_dp": 0.5864197611808777,
      "val_eo": 1.0
    },
    {
      "epoch": 50,
      "ce": 4.4156772105452546e-07,
      "dp_pen": 0.6016431450843811,
      "val_acc": 1.0,
      "val_dp": 0.5864197611808777,
      "val_eo": 1.0
    },
    {
      "epoch": 60,
      "ce": 5.887166594220616e-07,
      "dp_pen": 0.6016432046890259,
      "val_acc": 1.0,
      "val_dp": 0.5864197611808777,
      "val_eo": 1.0
    },
    {
      "epoch": 70,
      "ce": 5.79899165131792e-07,
      "dp_pen": 0.6016432642936707,
      "val_acc": 1.0,
      "val_dp": 0.5864197611808777,
      "val_eo": 1.0
    },
    {
      "epoch": 80,
      "ce": 8.871041359270748e-07,
      "dp_pen": 0.6016436219215393,
      "val_acc": 1.0,
      "val_dp": 0.5864197611808777,
      "val_eo": 1.0
    },
    {
      "epoch": 90,
      "ce": 1.0634327054503956e-06,
      "dp_pen": 0.6016436219215393,
      "val_acc": 1.0,
      "val_dp": 0.5864197611808777,
      "val_eo": 1.0
    },
    {
      "epoch": 100,
      "ce": 1.3263131677376805e-06,
      "dp_pen": 0.6016435623168945,
      "val_acc": 1.0,
      "val_dp": 0.5864197611808777,
      "val_eo": 1.0
    },
    {
      "epoch": 110,
      "ce": 2.1243643004709156e-06,
      "dp_pen": 0.6016443967819214,
      "val_acc": 1.0,
      "val_dp": 0.5864197611808777,
      "val_eo": 1.0
    },
    {
      "epoch": 120,
      "ce": 2.4108642264764057e-06,
      "dp_pen": 0.6016440391540527,
      "val_acc": 1.0,
      "val_dp": 0.5864197611808777,
      "val_eo": 1.0
    },
    {
      "epoch": 130,
      "ce": 3.1573893011227483e-06,
      "dp_pen": 0.6016445755958557,
      "val_acc": 1.0,
      "val_dp": 0.5864197611808777,
      "val_eo": 1.0
    },
    {
      "epoch": 140,
      "ce": 5.51626499145641e-06,
      "dp_pen": 0.601646363735199,
      "val_acc": 1.0,
      "val_dp": 0.5864197611808777,
      "val_eo": 1.0
    },
    {
      "epoch": 150,
      "ce": 6.046952421456808e-06,
      "dp_pen": 0.6016463041305542,
      "val_acc": 1.0,
      "val_dp": 0.5864197611808777,
      "val_eo": 1.0
    }
  ]
}