{
  "task": "node_classification",
  "dataset": "LocalSBM",
  "hidden": 64,
  "epochs": 150,
  "fair_lambda": 0.2,
  "sensitive": "eigen",
  "sbm_ratio": 0.7,
  "p_in": 0.08,
  "p_out": 0.005,
  "test_metrics": {
    "accuracy": 1.0,
    "dp_gap": 0.6133333444595337,
    "eo_gap": 1.0
  },
  "val_logs": [
    {
      "epoch": 10,
      "loss": 5.5889390750962775e-06,
      "penalty": 0.08920864760875702,
      "val_acc": 1.0,
      "val_dp": 0.5864197611808777,
      "val_eo": 1.0
    },
    {
      "epoch": 20,
      "loss": 3.849465102234717e-08,
      "penalty": 0.13629449903964996,
      "val_acc": 1.0,
      "val_dp": 0.5864197611808777,
      "val_eo": 1.0
    },
    {
      "epoch": 30,
      "loss": 9.313223969797946e-09,
      "penalty": 0.09827074408531189,
      "val_acc": 1.0,
      "val_dp": 0.5864197611808777,
      "val_eo": 1.0
    },
    {
      "epoch": 40,
      "loss": 4.594523428380626e-09,
      "penalty": 0.05881373956799507,
      "val_acc": 1.0,
      "val_dp": 0.5864197611808777,
      "val_eo": 1.0
    },
    {
      "epoch": 50,
      "loss": 5.836285232874161e-09,
      "penalty": 0.06599944084882736,
      "val_acc": 1.0,
      "val_dp": 0.5864197611808777,
      "val_eo": 1.0
    },
    {
      "epoch": 60,
      "loss": 1.080333866809724e-08,
      "penalty": 0.09433632344007492,
      "val_acc": 1.0,
      "val_dp": 0.5864197611808777,
      "val_eo": 1.0
    },
    {
      "epoch": 70,
      "loss": 1.0306632880485722e-08,
      "penalty": 0.09081859141588211,
      "val_acc": 1.0,
      "val_dp": 0.5864197611808777,
      "val_eo": 1.0
    },
    {
      "epoch": 80,
      "loss": 2.235172580355993e-08,
      "penalty": 0.0915779173374176,
      "val_acc": 1.0,
      "val_dp": 0.5864197611808777,
      "val_eo": 1.0
    },
    {
      "epoch": 90,
      "loss": 3.141659377092765e-08,
      "penalty": 0.10536675900220871,
      "val_acc": 1.0,
      "val_dp": 0.5864197611808777,
      "val_eo": 1.0
    },
    {
      "epoch": 100,
      "loss": 4.91738028074451e-08,
      "penalty": 0.1105714663863182,
      "val_acc": 1.0,
      "val_dp": 0.5864197611808777,
      "val_eo": 1.0
    },
    {
      "epoch": 110,
      "loss": 1.0418381890531236e-07,
      "penalty": 0.11155878752470016,
      "val_acc": 1.0,
      "val_dp": 0.5864197611808777,
      "val_eo": 1.0
    },
    {
      "epoch": 120,
      "loss": 1.4056755048841296e-07,
      "penalty": 0.15125463902950287,
      "val_acc": 1.0,
      "val_dp": 0.5864197611808777,
      "val_eo": 1.0
    },
    {
      "epoch": 130,
      "loss": 2.1941937689007318e-07,
      "penalty": 0.13651734590530396,
      "val_acc": 1.0,
      "val_dp": 0.5864197611808777,
      "val_eo": 1.0
    },
    {
      "epoch": 140,
      "loss": 4.790686602973437e-07,
      "penalty": 0.07623492181301117,
      "val_acc": 1.0,
      "val_dp": 0.5864197611808777,
      "val_eo": 1.0
    },
    {
      "epoch": 150,
      "loss": 6.025017569299962e-07,
      "penalty": 0.12484133988618851,
      "val_acc": 1.0,
      "val_dp": 0.5864197611808777,
      "val_eo": 1.0
    }
  ]
}