{
  "task": "node_classification",
  "dataset": "LocalSBM",
  "hidden": 64,
  "epochs": 150,
  "fair_lambda": 1.0,
  "sensitive": "eigen",
  "sbm_ratio": 0.7,
  "p_in": 0.08,
  "p_out": 0.005,
  "test_metrics": {
    "accuracy": 0.909375,
    "dp_gap": 0.41999998688697815,
    "eo_gap": 0.6847826242446899
  },
  "val_logs": [
    {
      "epoch": 10,
      "ce": 0.0017652679234743118,
      "dp_pen": 0.6007473468780518,
      "val_acc": 1.0,
      "val_dp": 0.5864197611808777,
      "val_eo": 1.0
    },
    {
      "epoch": 20,
      "ce": 0.00014826170809101313,
      "dp_pen": 0.6014538407325745,
      "val_acc": 1.0,
      "val_dp": 0.5864197611808777,
      "val_eo": 1.0
    },
    {
      "epoch": 30,
      "ce": 0.00014199124416336417,
      "dp_pen": 0.6013979911804199,
      "val_acc": 1.0,
      "val_dp": 0.5864197611808777,
      "val_eo": 1.0
    },
    {
      "epoch": 40,
      "ce": 0.00017458687943872064,
      "dp_pen": 0.6013235449790955,
      "val_acc": 1.0,
      "val_dp": 0.5864197611808777,
      "val_eo": 1.0
    },
    {
      "epoch": 50,
      "ce": 0.0002622572355903685,
      "dp_pen": 0.6011540293693542,
      "val_acc": 1.0,
      "val_dp": 0.5864197611808777,
      "val_eo": 1.0
    },
    {
      "epoch": 60,
      "ce": 0.000581545231398195,
      "dp_pen": 0.6005382537841797,
      "val_acc": 1.0,
      "val_dp": 0.5864197611808777,
      "val_eo": 1.0
    },
    {
      "epoch": 70,
      "ce": 0.0024298946373164654,
      "dp_pen": 0.5969343185424805,
      "val_acc": 1.0,
      "val_dp": 0.5864197611808777,
      "val_eo": 1.0
    },
    {
      "epoch": 80,
      "ce": 0.12598642706871033,
      "dp_pen": 0.4051834046840668,
      "val_acc": 0.996875,
      "val_dp": 0.5802469253540039,
      "val_eo": 0.9894737005233765
    },
    {
      "epoch": 90,
      "ce": 0.14189796149730682,
      "dp_pen": 0.3843466341495514,
      "val_acc": 0.99375,
      "val_dp": 0.5740740895271301,
      "val_eo": 0.9789473414421082
    },
    {
      "epoch": 100,
      "ce": 0.16405677795410156,
      "dp_pen": 0.3567398488521576,
      "val_acc": 0.984375,
      "val_dp": 0.5555555820465088,
      "val_eo": 0.9473684430122375
    },
    {
      "epoch": 110,
      "ce": 0.17096811532974243,
      "dp_pen": 0.34786856174468994,
      "val_acc": 0.978125,
      "val_dp": 0.5432098507881165,
      "val_eo": 0.9263157844543457
    },
    {
      "epoch": 120,
      "ce": 0.19576691091060638,
      "dp_pen": 0.32109197974205017,
      "val_acc": 0.953125,
      "val_dp": 0.4938271641731262,
      "val_eo": 0.8421052694320679
    },
    {
      "epoch": 130,
      "ce": 0.2021939754486084,
      "dp_pen": 0.31410297751426697,
      "val_acc": 0.93125,
      "val_dp": 0.4506172835826874,
      "val_eo": 0.7684210538864136
    },
    {
      "epoch": 140,
      "ce": 0.19392909109592438,
      "dp_pen": 0.32274359464645386,
      "val_acc": 0.928125,
      "val_dp": 0.4444444477558136,
      "val_eo": 0.75789475440979
    },
    {
      "epoch": 150,
      "ce": 0.19432814419269562,
      "dp_pen": 0.32221686840057373,
      "val_acc": 0.896875,
      "val_dp": 0.3827160596847534,
      "val_eo": 0.6526315808296204
    }
  ]
}