{
  "task": "node_classification",
  "dataset": "LocalSBM",
  "hidden": 64,
  "epochs": 150,
  "fair_lambda": 0.0,
  "sensitive": "eigen",
  "sbm_ratio": 0.7,
  "p_in": 0.08,
  "p_out": 0.005,
  "test_metrics": {
    "accuracy": 1.0,
    "dp_gap": 0.6133333444595337,
    "eo_gap": 1.0
  },
  "val_logs": [
    {
      "epoch": 10,
      "ce": 0.00013318426499608904,
      "dp_pen": 0.6016326546669006,
      "val_acc": 1.0,
      "val_dp": 0.5864197611808777,
      "val_eo": 1.0
    },
    {
      "epoch": 20,
      "ce": 1.3523998632081202e-06,
      "dp_pen": 0.6016427278518677,
      "val_acc": 1.0,
      "val_dp": 0.5864197611808777,
      "val_eo": 1.0
    },
    {
      "epoch": 30,
      "ce": 4.6950844989623874e-07,
      "dp_pen": 0.6016424298286438,
      "val_acc": 1.0,
      "val_dp": 0.5864197611808777,
      "val_eo": 1.0
    },
    {
      "epoch": 40,
      "ce": 4.318831940963719e-07,
      "dp_pen": 0.601642370223999,
      "val_acc": 1.0,
      "val_dp": 0.5864197611808777,
      "val_eo": 1.0
    },
    {
      "epoch": 50,
      "ce": 5.64006995773525e-07,
      "dp_pen": 0.6016423106193542,
      "val_acc": 1.0,
      "val_dp": 0.5864197611808777,
      "val_eo": 1.0
    },
    {
      "epoch": 60,
      "ce": 1.1237876833547489e-06,
      "dp_pen": 0.6016417145729065,
      "val_acc": 1.0,
      "val_dp": 0.5864197611808777,
      "val_eo": 1.0
    },
    {
      "epoch": 70,
      "ce": 1.6829404785312363e-06,
      "dp_pen": 0.6016409397125244,
      "val_acc": 1.0,
      "val_dp": 0.5864197611808777,
      "val_eo": 1.0
    },
    {
      "epoch": 80,
      "ce": 3.9032393033267e-06,
      "dp_pen": 0.6016383767127991,
      "val_acc": 1.0,
      "val_dp": 0.5864197611808777,
      "val_eo": 1.0
    },
    {
      "epoch": 90,
      "ce": 5.53924701307551e-06,
      "dp_pen": 0.6016374826431274,
      "val_acc": 1.0,
      "val_dp": 0.5864197611808777,
      "val_eo": 1.0
    },
    {
      "epoch": 100,
      "ce": 1.2190168490633368e-05,
      "dp_pen": 0.6016286611557007,
      "val_acc": 1.0,
      "val_dp": 0.5864197611808777,
      "val_eo": 1.0
    },
    {
      "epoch": 110,
      "ce": 2.0339466573204845e-05,
      "dp_pen": 0.6016231775283813,
      "val_acc": 1.0,
      "val_dp": 0.5864197611808777,
      "val_eo": 1.0
    },
    {
      "epoch": 120,
      "ce": 3.7828849599463865e-05,
      "dp_pen": 0.6016034483909607,
      "val_acc": 1.0,
      "val_dp": 0.5864197611808777,
      "val_eo": 1.0
    },
    {
      "epoch": 130,
      "ce": 6.739249511156231e-05,
      "dp_pen": 0.6015655994415283,
      "val_acc": 1.0,
      "val_dp": 0.5864197611808777,
      "val_eo": 1.0
    },
    {
      "epoch": 140,
      "ce": 8.601976878708228e-05,
      "dp_pen": 0.6015701293945312,
      "val_acc": 1.0,
      "val_dp": 0.5864197611808777,
      "val_eo": 1.0
    },
    {
      "epoch": 150,
      "ce": 0.00014942132111173123,
      "dp_pen": 0.6014964580535889,
      "val_acc": 1.0,
      "val_dp": 0.5864197611808777,
      "val_eo": 1.0
    }
  ]
}