{
  "task": "node_classification",
  "dataset": "LocalSBM",
  "hidden": 64,
  "epochs": 30,
  "fair_lambda": 0.0,
  "val_logs": [
    {
      "epoch": 10,
      "loss": 2.7382727694202913e-06,
      "penalty": 0.1657615453004837,
      "val_acc": 1.0,
      "val_dp": 0.010155916213989258,
      "val_eo": 0.0
    },
    {
      "epoch": 20,
      "loss": 3.303088291772838e-08,
      "penalty": 0.12802773714065552,
      "val_acc": 1.0,
      "val_dp": 0.010155916213989258,
      "val_eo": 0.0
    },
    {
      "epoch": 30,
      "loss": 8.816518182186428e-09,
      "penalty": 0.09246315062046051,
      "val_acc": 1.0,
      "val_dp": 0.010155916213989258,
      "val_eo": 0.0
    }
  ],
  "test_metrics": {
    "accuracy": 1.0,
    "dp_gap": 0.04866993427276611,
    "eo_gap": 0.0
  }
}