{
  "task": "node_classification",
  "dataset": "LocalSBM",
  "hidden": 64,
  "epochs": 200,
  "fair_lambda": 0.2,
  "val_logs": [
    {
      "epoch": 10,
      "loss": 2.7382727694202913e-06,
      "penalty": 0.1657615453004837,
      "val_acc": 1.0,
      "val_dp": 0.010155916213989258,
      "val_eo": 0.0
    },
    {
      "epoch": 20,
      "loss": 3.303088291772838e-08,
      "penalty": 0.12802773714065552,
      "val_acc": 1.0,
      "val_dp": 0.010155916213989258,
      "val_eo": 0.0
    },
    {
      "epoch": 30,
      "loss": 8.816518182186428e-09,
      "penalty": 0.09246315062046051,
      "val_acc": 1.0,
      "val_dp": 0.010155916213989258,
      "val_eo": 0.0
    },
    {
      "epoch": 40,
      "loss": 6.953872588866261e-09,
      "penalty": 0.08438266068696976,
      "val_acc": 1.0,
      "val_dp": 0.010155916213989258,
      "val_eo": 0.0
    },
    {
      "epoch": 50,
      "loss": 8.071458168501522e-09,
      "penalty": 0.07186821103096008,
      "val_acc": 1.0,
      "val_dp": 0.010155916213989258,
      "val_eo": 0.0
    },
    {
      "epoch": 60,
      "loss": 1.1796748466963436e-08,
      "penalty": 0.09958763420581818,
      "val_acc": 1.0,
      "val_dp": 0.010155916213989258,
      "val_eo": 0.0
    },
    {
      "epoch": 70,
      "loss": 1.6763799237651256e-08,
      "penalty": 0.11741416901350021,
      "val_acc": 1.0,
      "val_dp": 0.010155916213989258,
      "val_eo": 0.0
    },
    {
      "epoch": 80,
      "loss": 2.7442952799106024e-08,
      "penalty": 0.11721932142972946,
      "val_acc": 1.0,
      "val_dp": 0.010155916213989258,
      "val_eo": 0.0
    },
    {
      "epoch": 90,
      "loss": 3.97363990600752e-08,
      "penalty": 0.13424824178218842,
      "val_acc": 1.0,
      "val_dp": 0.010155916213989258,
      "val_eo": 0.0
    },
    {
      "epoch": 100,
      "loss": 7.48782440496143e-08,
      "penalty": 0.11809881776571274,
      "val_acc": 1.0,
      "val_dp": 0.010155916213989258,
      "val_eo": 0.0
    },
    {
      "epoch": 110,
      "loss": 1.6651975442982803e-07,
      "penalty": 0.1185903400182724,
      "val_acc": 1.0,
      "val_dp": 0.010155916213989258,
      "val_eo": 0.0
    },
    {
      "epoch": 120,
      "loss": 2.292282772486942e-07,
      "penalty": 0.11496086418628693,
      "val_acc": 1.0,
      "val_dp": 0.010155916213989258,
      "val_eo": 0.0
    },
    {
      "epoch": 130,
      "loss": 3.486858020096406e-07,
      "penalty": 0.1501932293176651,
      "val_acc": 1.0,
      "val_dp": 0.010155916213989258,
      "val_eo": 0.0
    },
    {
      "epoch": 140,
      "loss": 7.179809813351312e-07,
      "penalty": 0.15772274136543274,
      "val_acc": 1.0,
      "val_dp": 0.010155916213989258,
      "val_eo": 0.0
    },
    {
      "epoch": 150,
      "loss": 1.0871359563680016e-06,
      "penalty": 0.1021759957075119,
      "val_acc": 1.0,
      "val_dp": 0.010155916213989258,
      "val_eo": 0.0
    },
    {
      "epoch": 160,
      "loss": 1.5508088608839898e-06,
      "penalty": 0.14081332087516785,
      "val_acc": 1.0,
      "val_dp": 0.010155916213989258,
      "val_eo": 0.0
    },
    {
      "epoch": 170,
      "loss": 2.973579739773413e-06,
      "penalty": 0.1627999097108841,
      "val_acc": 1.0,
      "val_dp": 0.010155916213989258,
      "val_eo": 0.0
    },
    {
      "epoch": 180,
      "loss": 4.34178946306929e-06,
      "penalty": 0.13229355216026306,
      "val_acc": 1.0,
      "val_dp": 0.010155916213989258,
      "val_eo": 0.0
    },
    {
      "epoch": 190,
      "loss": 6.059488896426046e-06,
      "penalty": 0.20023249089717865,
      "val_acc": 1.0,
      "val_dp": 0.010155916213989258,
      "val_eo": 0.0
    },
    {
      "epoch": 200,
      "loss": 1.0422609193483368e-05,
      "penalty": 0.13889725506305695,
      "val_acc": 1.0,
      "val_dp": 0.010155916213989258,
      "val_eo": 0.0
    }
  ],
  "test_metrics": {
    "accuracy": 1.0,
    "dp_gap": 0.04866993427276611,
    "eo_gap": 0.0
  }
}