{
  "task": "node_classification",
  "dataset": "LocalSBM",
  "hidden": 64,
  "epochs": 150,
  "fair_lambda": 0.0,
  "sensitive": "eigen",
  "sbm_ratio": 0.7,
  "p_in": 0.08,
  "p_out": 0.005,
  "test_metrics": {
    "accuracy": 1.0,
    "dp_gap": 0.6133333444595337,
    "eo_gap": 1.0
  },
  "val_logs": [
    {
      "epoch": 10,
      "ce": 5.5889390750962775e-06,
      "dp_pen": 0.601645290851593,
      "val_acc": 1.0,
      "val_dp": 0.5864197611808777,
      "val_eo": 1.0
    },
    {
      "epoch": 20,
      "ce": 3.849465102234717e-08,
      "dp_pen": 0.6016427278518677,
      "val_acc": 1.0,
      "val_dp": 0.5864197611808777,
      "val_eo": 1.0
    },
    {
      "epoch": 30,
      "ce": 9.313223969797946e-09,
      "dp_pen": 0.6016427278518677,
      "val_acc": 1.0,
      "val_dp": 0.5864197611808777,
      "val_eo": 1.0
    },
    {
      "epoch": 40,
      "ce": 4.594523428380626e-09,
      "dp_pen": 0.6016427278518677,
      "val_acc": 1.0,
      "val_dp": 0.5864197611808777,
      "val_eo": 1.0
    },
    {
      "epoch": 50,
      "ce": 5.836285232874161e-09,
      "dp_pen": 0.6016427278518677,
      "val_acc": 1.0,
      "val_dp": 0.5864197611808777,
      "val_eo": 1.0
    },
    {
      "epoch": 60,
      "ce": 1.080333866809724e-08,
      "dp_pen": 0.6016427278518677,
      "val_acc": 1.0,
      "val_dp": 0.5864197611808777,
      "val_eo": 1.0
    },
    {
      "epoch": 70,
      "ce": 1.0306632880485722e-08,
      "dp_pen": 0.6016427278518677,
      "val_acc": 1.0,
      "val_dp": 0.5864197611808777,
      "val_eo": 1.0
    },
    {
      "epoch": 80,
      "ce": 2.235172580355993e-08,
      "dp_pen": 0.6016427278518677,
      "val_acc": 1.0,
      "val_dp": 0.5864197611808777,
      "val_eo": 1.0
    },
    {
      "epoch": 90,
      "ce": 3.141659377092765e-08,
      "dp_pen": 0.6016427278518677,
      "val_acc": 1.0,
      "val_dp": 0.5864197611808777,
      "val_eo": 1.0
    },
    {
      "epoch": 100,
      "ce": 4.91738028074451e-08,
      "dp_pen": 0.6016427278518677,
      "val_acc": 1.0,
      "val_dp": 0.5864197611808777,
      "val_eo": 1.0
    },
    {
      "epoch": 110,
      "ce": 1.0418381890531236e-07,
      "dp_pen": 0.6016427874565125,
      "val_acc": 1.0,
      "val_dp": 0.5864197611808777,
      "val_eo": 1.0
    },
    {
      "epoch": 120,
      "ce": 1.4056755048841296e-07,
      "dp_pen": 0.6016427874565125,
      "val_acc": 1.0,
      "val_dp": 0.5864197611808777,
      "val_eo": 1.0
    },
    {
      "epoch": 130,
      "ce": 2.1941937689007318e-07,
      "dp_pen": 0.601642906665802,
      "val_acc": 1.0,
      "val_dp": 0.5864197611808777,
      "val_eo": 1.0
    },
    {
      "epoch": 140,
      "ce": 4.790686602973437e-07,
      "dp_pen": 0.6016430258750916,
      "val_acc": 1.0,
      "val_dp": 0.5864197611808777,
      "val_eo": 1.0
    },
    {
      "epoch": 150,
      "ce": 6.025017569299962e-07,
      "dp_pen": 0.6016431450843811,
      "val_acc": 1.0,
      "val_dp": 0.5864197611808777,
      "val_eo": 1.0
    }
  ]
}